Study_hours_per_week,Sleep_hours_per_day,Attendance_percentage,Assignments_completed,Final_grade,participation_level_Low,participation_level_Medium,internet_access_Yes,parental_education_High School,parental_education_Master's,parental_education_PhD,Extra-Classes,part_time_job_Yes
0.527230137,0.68523551,0.993244587,0.222222222,71.10489737,0,1,1,0,0,0,1,0
0.421400394,0.881883328,0.883477936,0.555555556,62.24002057,0,1,1,0,0,0,0,0
0.552392534,0.220286485,0.683469161,1,65.26885547,0,1,1,0,0,0,1,0
0.698282754,0.612593847,0.520094492,0.222222222,66.60992125,1,0,1,0,0,0,1,0
0.405418882,0.369871486,0.831126621,0.333333333,58.96748428,0,1,1,1,0,0,1,0
0.405421618,0.402574923,0.760664163,0.555555556,63.18345282,0,0,0,0,0,1,1,1
0.70764658,0.381521215,0.87667062,0.888888889,68.47804776,0,1,1,0,1,0,0,1
0.572350233,0.327201846,0.816547653,0.222222222,61.12408911,0,1,1,0,0,0,1,0
0.366198713,0.509704326,0.912362106,0.333333333,59.59878026,0,0,1,1,0,0,0,0
0.534871118,0.333809977,0.545922478,0.444444444,72.14665345,0,0,1,0,0,0,0,0
0.367208162,0.554091365,0.974293222,0.777777778,66.58014084,0,1,1,1,0,0,1,0
0.366822819,0.489952378,0.715370839,0.444444444,56.50582503,1,0,1,1,0,0,1,0
0.48477149,0.452210391,1,0.555555556,68.69369245,0,0,1,0,0,0,0,1
0.125564404,0.318487268,0.510325074,0.666666667,59.68224432,0,0,1,0,0,0,1,1
0.156958139,0.384645734,1,0.444444444,63.46567994,0,0,1,0,0,0,0,0
0.350729856,0.651078245,0.715442791,0.444444444,69.15014515,0,0,1,1,0,0,1,0
0.275639258,0.600183438,0.519058329,0.555555556,58.89919582,0,1,1,0,0,0,1,0
0.496819,0.304488951,0.557795642,0.888888889,61.90227643,0,1,1,1,0,0,1,1
0.293107099,0.519866461,0.595609532,1,68.15218306,1,0,1,0,0,1,1,0
0.209060494,0.650277425,0.767758219,0.555555556,58.71830051,0,1,1,0,0,0,0,0
0.688719239,0.166118944,0.790572899,0.888888889,67.12402211,0,1,0,0,1,0,1,1
0.406815061,0.608672038,0.537028528,0.222222222,57.38317055,0,1,0,0,0,0,0,0
0.455699145,0.367475248,0.664049895,0.777777778,67.24944207,0,1,1,1,0,0,1,0
0.206986413,0.614119734,1,0.666666667,66.21534875,0,0,1,0,0,1,1,0
0.35371399,0.347348169,1,0.666666667,66.32628342,0,1,1,0,0,0,1,0
0.462931543,0.13902358,0.770569365,0.444444444,56.96587647,0,1,1,0,0,0,1,1
0.252612182,0.174491512,0.678468523,0.666666667,56.35426721,1,0,1,0,0,0,1,0
0.507060781,0.509616989,0.697435259,1,66.5038764,0,1,0,1,0,0,1,1
0.344337996,0.5519445,0.811540787,0.444444444,69.19972026,0,0,0,0,1,0,0,0
0.395828819,0.319136675,0.433187939,0.777777778,66.72596654,0,1,1,0,0,0,1,0
0.344160009,0.627718492,0.610169831,0.444444444,69.95017296,0,0,1,0,0,0,1,0
0.753157475,0.167695988,0.283866004,0.111111111,63.11799632,0,1,1,1,0,0,0,0
0.442194907,0.48678404,0.761990861,0.666666667,65.00027514,0,1,1,1,0,0,0,0
0.26815929,0.25779676,0.819327912,0.111111111,56.11418119,0,1,1,0,1,0,1,0
0.581535263,0.369632778,0.557957353,0.444444444,68.97286141,0,1,1,0,1,0,1,0
0.240970503,0.509479734,1,1,71.21287651,0,0,1,1,0,0,0,0
0.479255044,0.327917327,0.386255864,0.777777778,62.41914111,0,1,1,1,0,0,1,0
0.117832757,0.423088891,0.331083894,0.222222222,57.79647134,0,0,1,0,1,0,1,0
0.223080103,0.701258562,0.721579692,0.444444444,60.49083108,0,1,1,0,0,0,1,0
0.47725465,0.384621626,0.911794589,0,59.73858479,0,0,1,0,0,0,0,0
0.567522208,0.667138422,1,0,64.56201612,1,0,1,0,0,0,1,0
0.473005825,0.274058629,0.563576583,0.555555556,61.4063771,0,0,1,1,0,0,0,1
0.425169731,0.605960836,0.919097201,0.666666667,73.03220524,0,1,1,0,1,0,1,1
0.394260495,0.788313724,0.660777191,0.555555556,61.32360971,0,1,1,0,0,1,0,1
0.198024113,0.0056711,0.629765815,0.111111111,46.100239,0,1,1,1,0,0,1,0
0.32447041,0.340620949,0.874003858,0.333333333,63.04183413,0,0,1,0,0,0,1,0
0.367671316,0.615414425,0.820513379,0.444444444,62.00214419,1,0,1,0,0,0,0,0
0.620631482,0.459390923,0.305182908,0.444444444,62.79957667,0,1,0,0,0,0,1,0
0.501714159,0.574229175,1,0.111111111,68.4622786,0,0,1,0,0,0,1,0
0.150604419,0.379202963,0.988790285,0.222222222,53.48096556,0,1,1,0,1,0,1,0
0.498458439,0.517317957,0.525036673,1,59.54188249,1,0,1,0,0,0,1,1
0.380264064,0.468864553,0.761200173,0.888888889,65.01622591,0,1,1,0,0,0,1,1
0.331624111,0.733556412,0.783912447,0.111111111,54.8964309,0,1,1,0,0,0,0,0
0.546390493,0.550884169,0.729955044,0.555555556,66.07193779,0,0,0,1,0,0,1,0
0.616277698,0.567520532,0.542437959,0.333333333,70.27377831,0,0,1,1,0,0,1,0
0.599657798,0.417624607,0.514386381,0.111111111,57.28130098,0,1,1,0,1,0,1,1
0.304574857,0.402478755,0.663772548,0.222222222,60.40801403,0,0,0,1,0,0,0,0
0.392909048,0.413488362,0.940843317,1,70.78896687,0,1,1,0,1,0,0,1
0.499655016,0.578890428,0.79537417,0.666666667,56.82792237,1,0,1,0,0,0,1,1
0.607035299,0.415803104,0.583986633,0.444444444,59.75035147,0,1,1,0,0,0,1,1
0.364582071,0.557954971,0.848115833,0.888888889,57.25569278,0,1,1,0,0,0,0,1
0.413501282,0.91508016,0.011032293,0.777777778,60.11884668,1,0,1,0,0,0,1,0
0.260055282,0.674224941,0.935302443,0.888888889,68.75093066,0,0,1,1,0,0,0,1
0.245076674,0.434795294,0.267419171,1,63.68489398,0,0,1,0,0,0,0,0
0.579865415,0.740242784,0.58587651,0.666666667,73.07437409,0,1,1,0,1,0,0,0
0.670484449,0.418384925,0.41078766,0.444444444,60.38520855,0,1,1,0,1,0,1,1
0.432442758,0.092375093,0.370320934,0.222222222,56.98508467,0,0,1,0,0,0,0,1
0.611699927,0.298382738,0.938091245,0.555555556,69.20690556,0,0,1,0,0,0,0,0
0.504717115,0.125841616,0.561537903,0.666666667,62.74627862,0,0,1,1,0,0,1,1
0.336924485,0.429697303,0.749800953,0.333333333,58.08425588,0,1,1,1,0,0,1,0
0.504677045,0.503683676,0.658832117,0.444444444,60.76173591,0,0,0,1,0,0,1,0
0.700783872,0.835287462,0.779984114,0.444444444,68.57911591,0,1,1,0,1,0,1,1
0.438473438,0.565385475,0.687444238,0.777777778,69.53044116,0,1,1,1,0,0,1,0
0.705218387,0.456179894,0.373023759,0.777777778,63.83000001,1,0,1,1,0,0,1,1
0.00782026,0.665881116,0.900041174,0.333333333,54.37968769,1,0,1,0,0,0,1,0
0.581428195,0.057772938,0.555513296,0.111111111,57.44257926,0,1,1,1,0,0,1,0
0.458952289,0.547122912,0.309763498,0.111111111,55.54741287,0,1,1,0,0,0,1,1
0.394609886,0.654173039,0.570691111,0.111111111,45.14305974,1,0,1,1,0,0,0,1
0.459737907,0.204282751,1,0.666666667,66.32583033,0,0,1,1,0,0,0,0
0.113182959,0.728750809,0.866272174,0.444444444,55.19228213,1,0,1,0,0,0,1,0
0.407832463,0.567699281,0.589064801,0.888888889,70.47443184,0,1,1,0,0,0,1,1
0.503963206,0.416942417,0.58892478,0.555555556,68.58050543,0,1,1,0,1,0,1,0
0.690760119,0.626556373,0.595311776,1,83.46556087,0,0,1,0,0,0,0,0
0.358066075,0.954138572,1,0.777777778,72.39048551,0,1,1,0,0,0,0,0
0.309695511,0.536373251,0.757993551,0.111111111,49.23268145,1,0,1,0,1,0,0,1
0.360818271,0.549644117,0.769116816,0,56.81828321,0,1,1,1,0,0,1,0
0.597011464,0.40812782,0.907906607,0.222222222,68.41510392,0,0,1,0,0,0,0,0
0.499236296,0.330031126,0.724894817,0.777777778,65.04996604,0,0,1,0,0,0,1,1
0.356151077,0.666067163,0.609784704,0.222222222,57.90824974,0,1,1,0,0,0,0,0
0.529989017,0.328783235,0.624280613,0.111111111,58.82039445,0,1,1,0,0,0,1,0
0.460624036,0.514313247,0.653125372,0.777777778,77.22379102,0,0,1,0,1,0,0,0
0.605885276,0.404468511,0.661074598,0.333333333,55.38277111,1,0,1,0,0,1,1,1
0.327435595,0.595795965,0.837926022,0.777777778,68.96139717,0,1,1,0,0,0,0,0
0.389834087,0.566732421,0.68169233,0.888888889,63.9509297,0,1,1,0,0,0,0,0
0.379093086,0.707507989,0.839084573,0.222222222,53.26413286,1,0,1,1,0,0,1,0
0.200525286,0.39799672,0.651017699,0.555555556,58.41860932,0,1,0,0,0,0,1,0
0.493797824,0.446025013,0.687863515,0.333333333,63.87648464,0,1,1,0,0,0,0,0
0.487953656,0.304247257,0.207651019,0.666666667,65.73750499,0,1,1,0,0,0,1,0
0.445296687,0.411141348,0.881557395,0.888888889,73.06555353,0,0,0,0,0,1,1,1
0.405346589,0.575460099,0.749797391,1,76.03951811,0,1,1,0,0,0,1,0
0.208549321,0.651397723,0.900444263,0.111111111,62.77972262,0,0,1,0,0,0,1,0
0.374336891,0.315566935,0,0.555555556,49.55405973,1,0,1,0,0,0,1,1
0.387325358,0.673921184,1,0.222222222,66.23281154,0,1,1,0,1,0,1,0
0.310731566,0.771127572,0.637404889,0.888888889,69.48771786,1,0,1,0,1,0,1,0
0.417563493,0.582686981,0.925918742,0.555555556,64.93537836,0,0,1,0,0,0,1,1
0.511786254,0.875359163,0.429230934,0,60.10724829,0,0,1,0,0,0,0,1
0.758808761,0.34524216,0.811368741,0.777777778,70.45662215,0,1,1,0,1,0,0,1
0.473540747,0.251069059,0.426107194,1,58.87682721,0,0,1,1,0,0,0,1
0.48736951,0.14425595,0.525451427,0.444444444,62.19933215,0,1,1,0,1,0,1,0
0.432036792,0.799208862,1,0.555555556,63.55453033,0,0,1,0,0,0,0,1
0.124649242,0.630873131,0.625591058,0,56.25556183,0,0,1,0,0,0,1,0
0.440025465,0.488883066,0.71995675,0.333333333,68.68967892,0,0,1,0,0,0,1,0
0.454482813,0.555993725,0.870861026,0,56.82326598,0,1,1,0,1,0,0,1
0.854984797,0.274902191,0.784294359,0.888888889,74.96148208,1,0,1,1,0,0,0,0
0.412384284,0.989150396,0.70446157,0.888888889,69.24923411,0,1,1,0,1,0,0,0
0.494702335,0.525844236,0.754068666,0.555555556,64.97397235,1,0,1,0,0,0,0,0
0.438659149,0.521878959,1,1,70.61403162,0,1,1,0,0,0,1,1
0.249664772,0.645153325,0.656358441,1,57.34022455,0,1,1,1,0,0,1,1
0.634914914,0.596201846,0.716179991,0,67.91152558,0,1,0,0,0,0,0,0
0.569766617,0.544776805,0.91261684,1,70.04719722,1,0,1,0,0,0,1,0
0.576283102,0.341905109,0.925304409,0.444444444,59.55070513,1,0,1,0,0,0,1,0
0.292879869,0.594293671,0.944150105,0.666666667,61.7233146,0,1,1,0,1,0,0,0
0.678243496,0.876404899,0.817370442,0.333333333,71.25869589,0,0,1,0,0,0,0,1
0.210802601,0.769084009,0.405392064,0.555555556,63.95147111,0,1,1,0,0,1,1,0
0.54225396,0.818637325,1,0.666666667,69.44502394,0,1,1,0,0,0,0,1
0.809520382,0.397756865,0.404619668,0.444444444,69.94350523,0,0,1,0,1,0,0,1
0.279355057,0.302079036,0.73965756,0.555555556,56.12964472,0,1,0,1,0,0,0,0
0.35006149,0.474842616,0.495275215,0.333333333,54.40593399,0,1,1,0,0,0,1,1
0.461053005,0.511144982,0.65485097,0.444444444,57.84045641,0,1,1,0,0,0,1,0
0.360531835,0.718838304,0.745698714,0.777777778,67.31253222,0,1,1,0,0,0,1,0
0.186000539,0.161507074,0.743986462,0.666666667,49.89755002,0,0,0,0,1,0,1,1
0.455871607,0.805910064,0.767239078,0.666666667,65.71821274,1,0,1,1,0,0,1,0
0.267393825,0.46839842,1,0,52.01244459,0,1,1,1,0,0,1,0
0.523376516,0.414623786,0.774548862,0.333333333,59.04723856,1,0,0,0,1,0,1,0
0.291207072,0.297579125,0.613226578,0.666666667,58.87835603,0,1,1,1,0,0,0,1
0.702766845,0.169028666,0.892600495,0.111111111,66.50601662,0,0,1,0,1,0,1,0
0.313902229,0.664634117,0.944714332,1,72.05816878,0,1,1,0,0,0,0,0
0.390767525,0.514663593,0.385829916,0.555555556,57.42008561,1,0,1,0,1,0,0,0
0.580030647,0.24200782,0.807813955,0.888888889,70.81671227,0,1,1,1,0,0,1,1
0.239300392,0.240984246,0.831808597,0.333333333,48.68028527,1,0,1,1,0,0,0,0
0.482354434,0.43284306,0.600877675,0.555555556,54.74333749,1,0,1,0,0,0,1,1
0.66230157,0.833804305,0.987776478,0.444444444,83.47753327,0,0,1,0,0,1,1,0
0.176530572,0.44808173,0.634984917,0.888888889,60.18530816,0,0,1,0,0,0,0,1
0.475216754,0.199371409,0.698717421,0.555555556,63.83754956,0,0,1,0,0,0,1,0
0.487758243,0.450851387,0.629663031,0.888888889,70.05725424,0,0,1,0,0,0,0,0
0.574748256,0.445455286,0.673283476,0,61.5243797,0,1,1,0,0,1,1,1
0.238285993,0,0.416197081,0.222222222,47.60319011,1,0,1,0,1,0,0,1
0.224368342,0.489141027,0.336708164,0.222222222,55.8713635,0,0,1,0,0,1,1,0
0.531434705,0.453813094,1,0.333333333,67.56465379,0,0,1,1,0,0,0,0
0.49394189,0.639241273,0.473844184,1,75.69507015,0,0,1,1,0,0,1,0
0.486193253,0.869791219,0.440448396,0.222222222,63.57965681,0,1,1,0,0,0,0,0
0.502185813,0.725313006,0.171767633,0.444444444,65.71716019,0,1,1,0,1,0,0,1
0.331106991,0.446222262,0.521938503,0.444444444,63.04454748,0,0,1,0,0,0,1,0
0.483153394,0.278694818,0.363752274,1,67.75191951,0,0,1,1,0,0,0,0
0.493289857,1,1,0.666666667,81.62601042,0,0,1,0,1,0,1,0
0.325385875,0.511843687,0.90317431,0.555555556,57.65130442,1,0,1,1,0,0,0,0
0.755406863,0.502785858,0.510564962,0.555555556,69.3898763,0,1,1,0,0,0,1,0
0.523416598,0.495174983,1,0.111111111,63.7770554,0,1,1,0,0,0,0,0
0.245893862,0.539616952,0.896688131,0.777777778,59.34566821,0,0,0,0,0,0,0,1
0.553870046,0.471127918,0.59457271,1,67.38505982,1,0,1,0,1,0,1,0
0.281997499,0.385267599,0.091760822,0.333333333,48.11446966,1,0,1,0,0,0,1,0
0.575625212,0.390628212,1,0.666666667,74.66705686,0,0,1,0,0,0,1,1
0.637543708,0.493449346,0.348379942,0.666666667,53.42077636,1,0,1,0,0,0,0,0
0.307664058,0.391315046,0.289226988,0.666666667,61.46883002,0,0,0,0,0,0,1,0
0.605007133,0.357430843,0.906123178,0,61.97138297,0,1,1,0,0,0,1,0
0.513241266,0.521286046,1,0.555555556,66.21817755,0,0,1,0,0,0,0,0
0.581454471,0.449004557,0.989757137,0.666666667,70.18993345,0,1,1,1,0,0,1,0
0.760576608,0.800798598,0.800070073,0.444444444,74.58768841,0,0,1,1,0,0,0,1
0.403546425,0,0.807202202,0.333333333,61.68136834,0,0,1,1,0,0,1,0
0.31882175,0.71830137,0.867010658,0.111111111,48.09580068,1,0,1,0,0,0,1,0
0.29619204,0.749217038,0.845163085,1,70.81815954,1,0,1,0,1,0,0,0
0.308476064,0.085321954,0.734699202,0.888888889,61.22438885,0,1,1,0,1,0,1,0
0.43159416,0.431462481,0.693774945,0.666666667,65.98107819,0,1,1,0,1,0,1,1
0.501303107,0.425711827,0.655208261,0.444444444,68.92202914,0,0,1,0,0,0,0,0
0.490559578,0.218497661,0.495347186,1,64.03692543,0,1,1,0,0,0,1,0
0.582308319,0.344436662,0.60478267,0.111111111,61.63473856,0,1,1,0,0,0,0,0
0.446611426,0.277884831,0.278230463,0.777777778,55.30098614,1,0,1,1,0,0,0,0
0.686700124,0.850454089,0.646942843,0.555555556,70.10348666,0,0,1,1,0,0,1,0
0.400334972,0.687135679,0.441096108,0.555555556,71.49809189,0,0,1,0,0,0,1,0
0.897805972,0.754311019,0.414505861,0.222222222,72.62358463,0,1,1,0,0,1,0,0
0.548722336,0.644334413,0.711276929,0.666666667,63.22796811,0,1,0,1,0,0,1,0
0.301584852,0.274189646,0.991544368,0.222222222,51.01716122,1,0,1,1,0,0,1,0
0.265962361,0.395095947,0.882017282,0.333333333,60.03746602,0,1,1,0,1,0,0,0
0.524856514,0.597874912,0.306545171,0.555555556,64.9175086,0,1,1,0,0,0,1,0
0.407200647,0.255574438,0.440856323,0.222222222,54.72648032,1,0,1,0,1,0,0,0
0.563444527,0.642599686,0.887209301,1,69.90211028,0,1,1,0,1,0,1,1
0.523317382,0.45193492,0.442507428,0.888888889,69.94134883,0,1,1,0,0,1,1,0
0.432306292,0.425035838,0.617740859,0.666666667,61.06477234,0,1,1,0,0,0,1,1
0.303312158,0.642191994,0.796866009,0.333333333,64.71017831,0,1,0,0,1,0,0,0
0.191969907,0.588852662,0.445777602,0.666666667,54.26072968,1,0,1,0,0,0,0,0
0.370025286,0.427806767,0.694046494,0.666666667,69.7568291,0,0,1,0,0,0,0,0
0.587177577,0.731865961,0.361223687,0,66.0281849,0,0,1,0,0,0,1,0
0.480126735,0.283787334,0.53063113,0.444444444,55.59783427,0,1,1,1,0,0,1,1
0.236821315,0.623187121,0.74362222,0.555555556,56.76787223,1,0,1,0,0,0,1,0
0.473307932,0.618620252,0.301344239,0.555555556,67.60018062,0,0,1,0,0,0,1,0
0.508664008,0.438090712,0.771529188,0.444444444,69.50344915,0,0,0,0,1,0,1,0
0.297134872,0.565226604,0.665140526,0.333333333,58.43414154,0,1,0,0,1,0,0,1
0.470065295,0.249777285,0.797429698,0.222222222,62.67677047,0,1,1,0,1,0,1,0
0.454145898,0.684805404,0.721455367,0.777777778,66.94104956,1,0,1,1,0,0,0,0
0.253949395,0.463019573,0.985102063,0.222222222,57.1094845,0,1,1,0,1,0,1,0
0.504075671,0.395455396,0.698636042,0.555555556,58.72767934,1,0,1,0,0,0,0,0
0.537908532,0.709801845,0.570392746,0.555555556,67.92688507,0,1,1,0,1,0,1,0
0.624952985,0.359131262,0.697959252,0.555555556,72.26730506,0,1,1,0,0,1,1,0
0.62007812,0.218307741,0.795304312,0.333333333,61.81857719,0,1,1,1,0,0,1,0
0.214832883,0.188674165,0.680978818,0.555555556,60.47820443,0,1,1,0,1,0,1,0
0.288140271,0.62120199,0.679066978,0.444444444,54.20899924,0,1,1,1,0,0,1,1
0.530283656,0.24391413,0.507364523,0.777777778,65.5168281,0,1,1,0,0,0,1,0
0.530075436,0.850958836,0.516403213,0.444444444,65.81879813,1,0,1,0,0,0,1,0
0.530285725,0.083614118,0.345366456,0.555555556,45.1080143,1,0,1,1,0,0,0,1
1,0.839291274,1,0.666666667,92.00780666,0,0,1,0,1,0,0,1
0.539592863,0.542203493,0.382071287,0.555555556,58.47201017,1,0,1,1,0,0,0,0
0.633705384,0.480657378,0.50946553,0.333333333,59.01975791,0,0,1,1,0,0,1,1
0.603444738,0.391016183,0.503568862,0.666666667,70.70617996,0,0,1,0,0,0,0,0
0.553009653,0.579827223,0.876608457,0.444444444,66.84421395,0,1,1,0,1,0,1,1
0.39189957,0.49247306,0.601482051,0.555555556,66.58385824,0,1,1,0,0,1,1,0
0.570939315,0.720660376,0.95818807,0.888888889,77.02315058,0,1,1,0,1,0,1,1
0.315640242,0.52284553,0.513954628,0.444444444,64.87980878,0,0,1,0,1,0,1,1
0.404974677,0.530060352,0.734191144,0.666666667,70.44675415,0,0,1,0,0,0,1,0
0.36355052,0.427277558,0.476529678,0.555555556,65.1336433,0,0,1,1,0,0,1,0
0.458090134,0.488610875,1,0.333333333,55.88006143,1,0,1,1,0,0,1,1
0.830220872,0.561560354,0.395081014,0.333333333,73.95940792,0,1,1,0,0,0,0,0
0.133233579,0.157966321,0.741318955,1,56.07357968,0,1,1,0,1,0,0,0
0.558821143,0.230362916,0.816225115,1,69.68334753,0,1,1,0,0,0,0,0
0.175658466,0.648652819,0.765361163,0.222222222,53.9632363,1,0,1,0,1,0,0,0
0.365789133,0.534173088,0.626838447,1,66.25242488,1,0,1,0,0,0,1,0
0.625936211,0.463203333,0.639663691,0.555555556,67.50228745,0,0,1,1,0,0,0,0
0.455157781,0.503686787,0.679811466,0.444444444,56.35823619,0,1,1,1,0,0,0,0
0.264820315,0.569516341,0.635690977,0.111111111,52.41828674,0,1,0,0,1,0,1,1
0.32522716,0.392048064,0.892552388,0.222222222,61.18121397,0,1,1,0,1,0,1,0
0.557710736,0.344339055,1,0.222222222,73.21068034,0,0,1,0,1,0,0,0
0.322716672,0.539169051,0.540776243,0.111111111,55.561241,0,0,1,1,0,0,1,0
0.480520876,0.304325444,0.352951105,0.444444444,66.65133128,0,1,1,0,0,1,0,0
0.452039751,0.581650551,0.649268388,0.666666667,68.71604814,1,0,1,1,0,0,1,0
0.335844387,0.159483279,1,0.444444444,57.26803683,0,1,1,1,0,0,1,0
0.801768459,0.705831127,0.483853089,0.333333333,75.10013056,0,0,1,0,0,1,1,0
0.550097615,0.594519496,1,0.444444444,67.3514682,0,1,1,0,0,0,1,0
0.10692068,0.551205947,1,0.111111111,55.45978967,0,1,1,0,1,0,0,0
0.475520164,0.696538197,0.541678833,0.666666667,67.33092573,0,1,1,1,0,0,0,0
0.3341467,0.833094889,0.80124329,0.777777778,63.87164177,0,1,0,0,0,0,1,0
0.586516667,0.702874013,1,0.888888889,85.14096074,0,0,1,0,0,1,1,1
0.312357655,0.131825154,0.582018136,0.888888889,56.72192299,0,1,1,0,0,0,0,0
0.425321704,0.244084607,0.622608751,0.555555556,53.00795645,1,0,1,0,1,0,0,0
0.528608991,0.375036284,0.535183157,0.777777778,65.14984313,1,0,1,1,0,0,1,0
0.588736977,0.50521821,0.43504601,0.666666667,57.80424156,0,1,1,0,0,0,1,1
0.244395043,0.603531804,0.519553252,0.555555556,62.51282864,0,0,1,0,0,0,0,0
0.388694238,0.354851237,0.386677938,0,61.18365975,0,1,1,1,0,0,0,0
0.365286893,0.537353353,0.677562126,0.222222222,63.35407481,0,0,1,0,0,0,1,0
0.335556239,0.348923414,0.491645618,0.444444444,54.84898404,0,0,0,1,0,0,1,0
0.738686818,0.377696439,0.723737951,0.444444444,71.80252568,0,1,1,0,0,1,0,0
0.511941396,0.218667781,0.309922175,0.555555556,52.87470295,1,0,1,0,0,0,0,1
0.234297119,0.315353351,0.746188404,0.222222222,47.12040083,1,0,1,1,0,0,1,1
0.597421436,0.229663079,0.862412417,0.444444444,68.14234258,0,0,0,0,0,0,1,0
0.798137144,0.304825349,0.20868344,0.444444444,58.34777583,1,0,1,0,0,0,0,0
0.616521988,0.710728359,0.756171772,0.444444444,73.81535168,0,1,1,0,1,0,1,1
0.191216117,0.310120222,0.953546709,0.444444444,59.10764429,0,1,1,0,0,1,1,1
0.363738766,1,0.389984255,0.777777778,71.67100694,0,0,1,0,0,0,1,1
0.655596303,0.59866358,1,0.444444444,64.10310441,1,0,0,0,1,0,1,0
0.326499534,0.536967225,0.766568128,0.666666667,63.91168478,0,1,1,0,0,0,0,1
0.518414349,0.328328444,0.50666619,0.444444444,60.43943347,0,1,1,1,0,0,1,0
0.57355012,0.640061976,0.656786139,0.222222222,66.81007829,0,1,1,0,1,0,0,0
0.289956033,0.384872435,0.798779337,0.555555556,58.85507453,0,0,1,0,0,0,1,1
0.434523552,0.524401963,0.687255445,1,64.63641221,1,0,1,0,1,0,1,0
0,1,0.794254088,0.111111111,60.31887431,0,0,1,0,1,0,1,1
0.273713171,0.48078802,0.456800208,0.666666667,58.09666302,0,1,1,0,0,0,0,0
0.402349753,0.729854665,0.70884138,0.444444444,62.27705198,0,1,1,0,0,1,0,1
0.236480581,0.359364715,0.342797746,0.666666667,54.7557099,0,1,0,0,1,0,1,0
0.716512995,0.493002302,0.643963202,0.777777778,73.99270814,0,1,1,0,0,0,0,0
0.206087548,0.854160127,0.460676884,0.333333333,49.02598682,1,0,1,0,0,0,0,1
0.371103697,0.374606588,0.499609703,0.888888889,59.96319234,0,1,1,0,0,0,0,1
0.466234541,0.862489712,0.955494575,0.333333333,71.89078798,0,1,1,0,0,1,1,0
0.684656659,0.641550387,0.922017384,0.666666667,66.34606622,0,1,1,0,1,0,0,1
0.205134086,0.387506645,0.810528064,0.666666667,54.67999753,0,1,1,1,0,0,1,0
0.63830507,0.626481548,0.417113261,0.444444444,72.35627535,0,0,1,0,0,0,1,0
0.446149955,0.69451089,0.596520287,0.444444444,61.57942297,0,1,1,0,0,0,0,0
0.280859669,0.624361992,0.95017749,0.555555556,61.931474,1,0,1,1,0,0,1,0
0.52146169,0.185955056,0.702449469,1,70.19126358,0,1,1,1,0,0,1,0
0.47762106,0.354572565,1,0.444444444,67.69970551,0,0,0,0,0,0,1,0
0.344408298,0.450496273,0.760625423,0.111111111,65.76410978,0,0,1,0,0,0,0,0
0.456078125,0.485113314,0.714087438,0.444444444,59.38249174,0,1,1,0,0,0,0,1
0.380225512,0.62413442,0.598206363,0.444444444,65.56030093,0,0,1,0,0,0,1,1
0.463364002,0.5355402,0.700558986,0.444444444,57.46484638,0,1,0,1,0,0,0,0
0.554799557,0.232931128,0.634426687,0.222222222,69.70595328,0,1,1,0,1,0,1,0
0.70878058,0.57603957,0.833412346,0.444444444,80.90021187,0,0,1,0,0,0,1,0
0.238141861,0.622117149,0.890892946,0.333333333,58.95438792,0,0,1,1,0,0,0,1
0.799950007,0.61195809,0.487942295,0.444444444,72.4278295,0,1,1,0,0,0,1,0
0.119096478,0.716156145,0.361869387,0.444444444,61.30539887,0,0,1,0,0,0,1,1
0.419146929,0.666784431,0.245108082,0.888888889,58.33654417,1,0,1,1,0,0,1,1
0.542497312,0.591836016,0.787140586,0.777777778,70.86586533,0,0,1,1,0,0,0,0
0.491276422,0.485966858,0.414557357,0.555555556,59.49064409,0,1,0,1,0,0,1,1
0.340661191,0.167807813,0.171883134,0.888888889,56.81422584,1,0,1,0,1,0,0,0
0.409757403,0.585923644,0.759529602,0.444444444,65.42177139,0,1,1,0,1,0,0,0
0.362277622,0.541537537,1,0.888888889,68.31380784,0,1,1,0,1,0,1,0
0.346216985,0.554315767,0.668277505,0.111111111,53.67152411,0,1,1,0,1,0,0,0
0.586044794,0.244650285,0.863559703,0.333333333,63.51482503,0,1,1,0,1,0,1,1
0.503947025,0.283788692,0.68860208,0.555555556,59.50614222,1,0,1,0,0,0,1,1
0.328959512,0.710630571,0.646815665,1,67.19202896,0,1,1,0,0,0,0,0
0.594377757,0.492088969,0.882192983,0.333333333,68.89038486,0,1,1,1,0,0,0,0
0.495661031,0.636300139,0.602563051,0.333333333,61.99724126,0,1,1,0,0,0,1,0
0.579921464,0.505663675,0.731508528,0.555555556,63.81510557,0,1,1,0,1,0,1,1
0.549382585,0.505951228,0.744065214,0.777777778,73.66930644,0,0,1,0,0,0,1,0
0.306278609,0.687656761,0.515203273,0.666666667,67.33473196,0,0,1,0,0,0,1,0
0.351080938,0.396791054,0.899064379,1,74.06599713,0,0,1,0,0,0,1,0
0.568993379,0.519224155,0.629226497,0.555555556,64.92476044,0,1,1,0,0,0,1,0
0.546172822,0.407544942,0.494935477,0.888888889,74.66057741,0,0,1,0,1,0,0,1
0.440960845,0.413100755,0.793734726,0.777777778,67.70449124,1,0,1,0,1,0,1,1
0.463999008,0.438165575,0.461934659,0.888888889,62.69634619,1,0,1,0,0,0,1,0
0.657388594,0.544426754,0.676197375,1,79.52409578,0,1,1,0,1,0,0,0
0.345849213,0.404250276,0.667572717,0.333333333,55.64185224,0,0,1,0,0,0,0,1
0.535627341,0.751151225,0.920765414,1,80.80904585,0,1,1,0,1,0,1,0
0.410745669,0.32107854,0.779442452,0.444444444,57.5089697,1,0,1,0,0,0,1,1
0.408164244,0.462625671,0.663894428,0.666666667,59.1152263,1,0,1,0,0,0,0,1
0.62757392,0.412053788,0.858767725,0.222222222,69.08913463,0,0,1,0,0,0,1,0
0.582013836,0.789395577,0.991129384,0.555555556,59.57281082,0,1,0,0,1,0,1,1
0.580029384,0.539310955,0.798659886,0.777777778,72.29952369,0,1,1,0,0,1,0,0
0.662024246,0.706368908,0.672075005,0.666666667,69.84598022,0,1,1,1,0,0,1,0
0.447945085,0.202887925,0.366354357,0,46.58630812,0,1,1,1,0,0,1,1
0.558103273,0.553410053,0.423402323,0.555555556,67.46699406,0,1,1,0,0,1,1,1
0.392733318,0.677926159,0.599106228,0.444444444,62.18155633,0,1,1,0,0,0,1,0
0.49847217,0.516456798,0.528747919,0.111111111,58.55303869,0,0,1,0,0,0,1,1
0.422753935,0.713096075,0.62644915,0.555555556,61.70476403,0,1,1,0,0,0,0,0
0.460610439,0.39654231,0.682780013,1,65.76192891,0,1,1,1,0,0,1,0
0.543637282,0.781869488,0.792158458,0.222222222,64.90660122,1,0,0,0,1,0,1,0
0.308074331,0.959779625,0.653380292,0.111111111,60.94769523,0,1,1,0,1,0,1,0
0.793175657,0.427432288,0.782171674,0.666666667,68.00706134,0,1,1,0,0,0,0,1
0.276774881,0.410899496,0.684589216,0.111111111,50.55660111,0,1,1,0,0,0,1,1
0.242079676,0.790676895,0.212907673,0.333333333,53.604889,1,0,1,0,1,0,1,1
0.637462923,0.815914429,0.452485168,0.555555556,74.05573898,0,0,1,1,0,0,0,0
0.576388227,0.395427995,0.636364864,0.888888889,62.83732285,0,1,1,0,1,0,1,0
0.548464414,0.415962637,0.389971833,0.555555556,64.37140868,0,1,1,0,0,0,1,1
0.549168696,0.443643078,0.80839864,0.111111111,67.44173077,0,0,1,0,0,0,1,1
0.442403316,0.231109898,1,0.333333333,62.11461397,0,1,1,0,0,1,1,0
0.294902049,0.316269611,0.951487172,0.666666667,65.33736407,0,0,1,0,1,0,1,0
0.457078537,0.299171847,0.620328311,0.666666667,61.37640538,0,1,1,0,0,0,0,0
0.331584159,0.346440487,1,0.333333333,59.65703639,0,1,1,0,1,0,1,0
0.6069644,0.493063023,0.704056595,0.777777778,72.46724429,0,0,0,0,0,0,1,0
0.419934881,0.546842947,0.591739166,0.333333333,52.60546807,0,1,0,0,0,0,1,0
0.306861578,0.810100099,0.527848355,0.111111111,59.29283994,0,1,1,0,0,1,1,0
0.390880138,0.300329192,0.599743252,0.111111111,66.49222905,0,0,1,0,1,0,1,0
0.513266353,0.69686448,0.57992578,0.555555556,63.6890303,0,1,1,0,0,0,0,0
0.350490352,0.457202231,0.709085413,0.666666667,64.17692278,0,1,1,0,0,0,1,1
0.307407712,0.490107258,0.706809659,0.777777778,57.10856426,0,1,0,1,0,0,0,1
0.48505898,0.634963898,0.67038555,1,69.33992731,0,0,1,1,0,0,1,0
0.485272206,0.275455596,0.770711452,0.888888889,73.44088162,0,0,1,0,0,0,1,0
0.359953915,0.576481949,0.944986201,0.555555556,66.67768546,0,1,1,0,1,0,1,0
0.36593806,0.533290442,0.889240121,0.888888889,63.77948539,0,1,1,0,0,0,1,1
0.483119434,0.598490253,0.326338481,0,64.76110392,0,0,1,0,1,0,1,0
0.203097054,0.557833729,0.079155596,1,57.49643188,1,0,1,1,0,0,1,0
0.209867149,0.991060028,0.885717616,0.777777778,66.06343447,0,1,1,0,0,0,0,1
0.324703741,0.372452003,0.353627266,0.666666667,66.40148257,0,0,1,1,0,0,1,0
0.408869919,0.393800609,0.61771028,0.777777778,70.04731545,0,0,1,0,0,0,1,0
0.496262372,0.375371895,0.399124041,0.333333333,59.15456182,0,0,1,1,0,0,1,0
0.690337147,0.388904576,0.253021679,1,73.97792259,0,1,1,0,0,1,1,0
0.587387715,0.372522575,0.794879948,0.333333333,68.52864216,1,0,1,1,0,0,1,0
0.417788023,0.737803306,0.845215474,0.888888889,77.26455398,0,1,1,0,0,1,1,0
0.441275076,0.78410085,0.536378699,0.444444444,69.32044506,0,1,0,0,0,0,1,0
0.277356217,0.385850741,0.070572326,0.444444444,58.90786533,0,1,0,0,0,1,0,0
0.441358922,0.333528885,0.543376888,0.444444444,61.47652858,0,0,0,0,0,0,0,0
0.396334671,0.594283111,0.760275389,0,59.56310803,1,0,1,0,0,1,1,0
0.498230871,0.389555391,0.327722675,0.222222222,58.6755322,0,0,1,1,0,0,1,1
0.306572621,0.626586364,0.712078295,0.444444444,57.45703764,0,1,1,0,1,0,0,0
0.531002197,0.540584604,0.666141249,1,75.88610344,0,1,1,0,0,1,1,0
0.69990093,0.196851177,0.803626835,0.666666667,64.90931445,1,0,0,1,0,0,1,0
0.426317753,0.80950104,0.697330987,0.111111111,59.55565238,0,1,1,1,0,0,1,0
0.511396398,0.859175535,0.444685192,1,67.47173678,1,0,1,0,0,0,1,1
0.559468443,0.377442262,0.94635625,0.666666667,76.34243583,0,0,0,0,0,1,1,0
0.377574366,0.422459688,0.633025535,0.222222222,56.51903739,0,0,1,0,0,0,1,1
0.481793191,0.557173078,0.663367799,0.222222222,57.76994264,0,1,1,0,0,0,1,1
0.446543178,0.566891358,0.453888099,0.444444444,58.60582547,0,1,1,1,0,0,1,0
0.460723794,0.631708855,0.567184129,1,67.09628194,0,0,1,1,0,0,0,1
0.31560948,0.902040908,0.465094385,0.777777778,65.02008274,0,1,1,0,1,0,1,0
0.448529473,0.464610555,0.62969211,0.777777778,58.79454883,1,0,1,1,0,0,1,0
0.52744416,0.340340551,1,0.222222222,67.27926615,0,1,1,0,0,0,1,0
0.686301712,0.224136154,0.352465961,0.444444444,68.26605739,0,0,1,0,0,1,0,0
0.604322915,0.353813992,0.29658852,0.222222222,52.00579722,1,0,1,1,0,0,0,1
0.803308187,0.493374605,1,0.888888889,74.74957401,0,1,1,0,1,0,0,1
0.316553184,0.858911573,0.621280764,0.444444444,70.20510703,0,0,1,1,0,0,1,0
0.589831217,0.39647774,0.514976146,0.666666667,65.98276485,1,0,1,0,0,0,0,0
0.475001445,0.54475759,0.910131259,0.444444444,59.43318493,1,0,0,1,0,0,0,0
0.8094116,0.496715421,0.529648918,0.555555556,74.74945711,0,1,1,0,1,0,1,0
0.309728064,0.737678655,1,0.333333333,63.65248937,0,0,1,0,0,0,1,1
0.304490804,1,0.826433383,0,57.4745152,0,1,1,0,0,0,1,0
0.34454567,0.393826245,0.556864836,0.333333333,66.83805071,0,0,1,0,0,0,0,0
0.090461824,0.402112111,1,0.333333333,48.7774931,0,1,1,1,0,0,1,1
0.356818607,0.708832175,0.529625938,1,65.75967857,1,0,1,0,1,0,1,1
0.317922334,0.636378298,0.841270856,0.222222222,63.48466574,0,0,1,0,0,0,0,1
0.469510076,0.869341465,0.738884608,0.222222222,61.76055947,0,1,1,0,1,0,0,1
0.501403774,0.616785637,0.970673938,0.333333333,67.38591667,0,1,1,1,0,0,0,0
0.757139584,0.428141582,1,0.333333333,67.60969608,0,1,0,0,1,0,0,1
0.602848417,0.618130966,0.677081339,0.666666667,71.72409637,0,1,1,1,0,0,1,1
0.348293835,0.721740716,0.4954736,1,56.09119403,1,0,0,0,0,0,0,1
0.294708666,0.664096436,0.776037439,0.777777778,57.05827829,1,0,1,1,0,0,1,0
0.526430973,0.601454806,0.512977769,0.222222222,62.14397417,0,1,1,0,1,0,0,0
0.224405577,0.713334938,1,0.777777778,67.80903548,0,0,1,0,0,0,1,1
0.749687572,0.733859118,0.701251367,1,80.0723492,0,1,1,0,1,0,0,0
0.641017798,0.776431798,0.585210447,0.111111111,66.99545457,0,0,1,0,1,0,0,1
0.366248502,0.629741978,0.712383599,0.555555556,56.56897113,0,1,1,1,0,0,0,0
0.158922023,0.466576384,0.35819448,0.555555556,54.26698154,0,1,1,0,0,0,1,1
0.67008984,0.529342737,0.445021599,0.444444444,68.17722256,1,0,1,1,0,0,1,0
0.42535447,0.741301793,0.947244703,0.333333333,62.0568267,1,0,1,0,0,0,0,0
0.650747163,0.336612866,0.517792087,0.333333333,67.91569439,0,1,1,0,1,0,1,0
0.178706501,0.573734662,0.427611203,0.555555556,61.50990344,0,0,1,0,1,0,0,1
0.344548607,0.421332238,0.79376777,0.666666667,68.6581199,0,0,1,0,0,0,1,0
0.445318394,0.505748965,0.943843468,0.888888889,75.78213724,0,0,1,0,0,0,0,0
0.452274543,0.755690373,0.835919876,0.888888889,70.17573663,0,1,1,0,0,0,1,1
0.369433533,0.538219814,0.899990505,0.333333333,63.15088787,0,0,1,1,0,0,0,0
0.548252767,0.50928731,0.494692709,0.555555556,61.48108049,0,1,1,0,1,0,0,1
0.266507706,0.228028772,0.340925724,0.777777778,50.53925521,1,0,1,0,0,0,1,1
0.42071453,0.649250713,1,0.333333333,65.90097255,0,0,0,0,1,0,1,1
0.464493716,0.629096836,0.595070197,0.444444444,62.59207632,0,1,1,1,0,0,1,0
0.53018425,0.932650945,0.611682844,0.333333333,64.8475049,1,0,1,0,0,0,1,0
0.563046924,0.438444353,0.976790449,0.555555556,69.72992152,0,1,1,0,0,0,1,0
0.257004096,0.543830066,0.798294485,0.555555556,58.99915312,0,1,1,1,0,0,0,1
0.188758749,0.549876737,0.775093038,1,72.73246701,0,0,1,0,0,0,1,0
0.657390581,0.815490656,1,0.222222222,69.9302169,0,1,1,0,1,0,1,1
0.499830113,0.480940894,0.520884939,0.666666667,67.98133126,0,0,1,0,1,0,1,0
0.319696688,0.555804305,0.88421934,0.555555556,58.51488243,1,0,1,0,0,0,1,0
0.702969774,0.621579302,0.682863993,0.888888889,72.494619,0,1,1,0,0,0,1,1
0.46372355,0.537321825,0.731785988,0.444444444,56.92572105,0,1,1,1,0,0,0,0
0.640993975,0.410713277,1,0.555555556,75.19549077,0,1,1,0,1,0,0,0
0.455697525,0.538817999,0.787104614,0.111111111,60.27947809,0,1,1,1,0,0,1,0
0.787902432,0.71472635,0.794147745,0.444444444,83.02274123,0,0,1,0,0,1,1,0
0.737001252,0.29469694,0.917669746,0.555555556,77.62758722,0,0,1,0,0,0,0,0
0.40295042,0.526593935,0.585295727,1,70.43096148,0,0,1,0,0,0,1,0
0.606372936,0.359975837,0.475636552,0.555555556,75.29038169,0,0,1,0,0,1,1,0
0.552007103,0.739009326,0.428097186,0.444444444,63.26792783,0,0,0,1,0,0,1,1
0.672549704,0.195362619,0.21501411,0.666666667,64.53083471,0,1,1,0,0,0,1,0
0.283623868,0.388215631,1,0.666666667,63.69711616,0,0,1,0,0,0,0,0
0.558786354,0.575442375,0.414593946,0.777777778,68.77943465,0,1,1,1,0,0,0,1
0.620848526,0.813104806,0.618522284,0.111111111,62.16388469,0,1,1,0,0,0,1,1
0.151321197,0.486849948,0.605675602,0.222222222,57.73408052,0,1,1,0,1,0,1,0
0.247234692,0.388960095,0.740760779,0.777777778,57.25772874,0,1,1,0,1,0,0,0
0.104572415,0.876231414,0.858298553,1,65.29719116,0,1,0,1,0,0,0,0
0.399543305,0.21039722,0.868642615,1,73.95499292,0,0,1,0,0,1,0,1
0.56403482,0.060238809,0.534860248,0.444444444,59.01916546,0,1,1,1,0,0,0,0
0.694837286,0.58800289,0.631038834,0.555555556,62.09907005,1,0,1,1,0,0,1,1
0.456793575,0.399589155,0.735020261,0.333333333,61.86935893,0,1,1,0,0,0,0,0
0.715880369,0.295753437,0.612178099,0.777777778,71.58304707,1,0,1,1,0,0,0,0
0.214427535,0.641671289,1,0.555555556,49.45162233,1,0,1,1,0,0,1,1
0.160547371,0.548760143,0.783206006,0.222222222,60.88336437,0,1,1,0,0,1,0,0
0.435186495,0.387184274,0.839601983,0.777777778,63.95751586,0,1,1,0,0,0,1,0
0.508455353,0.24393912,0.822954723,1,68.24791522,0,1,1,1,0,0,1,0
0.43899532,0.674491466,0.941015541,0,60.77153239,0,0,0,1,0,0,1,0
0.099870761,0.630040236,0.711537612,0.777777778,65.51596989,0,0,1,0,1,0,1,0
0.429591105,0.480164827,0.369823695,0,57.87048801,0,1,1,0,1,0,1,0
0.227032861,0.869327399,0.76209834,0.222222222,53.70856306,0,1,1,0,0,0,1,1
0.556056536,0.285983047,0.519072459,0.777777778,65.54674418,0,1,1,1,0,0,1,1
0.505544152,0.194894966,0.547452835,1,58.70119919,0,0,0,1,0,0,1,1
0.287797813,0.361618386,0.805262165,0.888888889,60.78183783,1,0,1,1,0,0,1,0
0.358799958,0.490882797,0.95600093,0.333333333,55.73581577,1,0,1,1,0,0,1,0
0.267908857,0.54866789,0.67459972,0.666666667,61.78163372,0,0,1,0,0,0,0,0
0.433997928,0.451752788,0.741090576,0.888888889,67.5719976,0,1,1,1,0,0,1,0
0.603634831,0.570411079,1,0.555555556,59.11504123,1,0,0,0,0,0,1,0
0.28015677,0.249692115,0.725348944,0.333333333,55.25664439,0,1,1,0,0,0,0,0
0.528452197,0.788752921,1,0.111111111,69.00907292,0,0,1,0,0,1,0,0
0.356068175,0.483569764,0.800440151,0.777777778,74.02276133,0,0,1,0,0,1,0,0
0.312298972,0.723459166,0.26255216,1,64.52317868,0,0,0,0,0,0,1,0
0.426606051,0.568545069,0.843871249,0.333333333,58.98578306,0,1,1,0,0,0,1,1
0.271904057,0.591350644,0.757813875,0.333333333,59.44681763,0,1,1,0,0,0,0,0
0.35216956,0.613953456,0.967901911,0.555555556,64.05137719,0,0,1,0,0,0,1,1
0.244798129,0.589541712,0.82533634,0.555555556,64.67193692,0,0,1,0,1,0,1,1
0.771898633,0.628544552,0.637667014,0.777777778,70.91783489,0,1,1,0,0,0,1,0
0.450321703,0.765830506,0.386595167,0.444444444,71.21915266,0,0,1,0,1,0,0,0
0.327823526,0.539304234,0.621350228,0.555555556,67.27118054,1,0,1,0,0,1,1,0
0.480107763,0.641800752,0.473021237,0.555555556,72.90633015,0,1,1,0,0,0,0,0
0.425723103,0.482052861,0.53545079,1,67.36007004,0,1,1,0,0,0,0,0
0.407616178,0.788023443,0.805774182,0.555555556,65.74022062,0,1,1,1,0,0,1,1
0.546805561,0.36472154,1,0.333333333,61.6084635,0,0,1,1,0,0,0,0
0.570695729,0.860188087,0.760938427,0.666666667,72.2532779,1,0,1,0,0,0,0,0
0.356027587,0.49196841,0.393165413,0.333333333,55.58475402,0,1,0,1,0,0,0,0
0.348474738,0.21384498,0.772483661,0.444444444,63.39977479,0,0,1,0,1,0,1,0
0.398602495,0.525620883,0.94637012,0.333333333,68.61159145,0,0,1,1,0,0,0,0
0.060790917,0.363789669,0.528685327,1,50.88856802,1,0,1,0,0,0,1,1
0.191912601,0.66812871,0.638693371,0.111111111,52.93762103,0,1,1,0,0,0,0,0
0.672256822,0.369475204,0.67307749,0.444444444,70.51709879,0,1,1,0,1,0,1,0
0.71860573,0.410763313,0.488194594,0.333333333,58.98734092,1,0,1,0,0,0,1,0
0.402938438,0.122091854,0.819578672,0.777777778,68.25950029,0,0,1,0,1,0,0,1
0.540537272,0.409538736,0.64171523,0,56.17017913,0,0,0,0,0,0,0,0
0.49631947,0.015224135,0.766686846,0.444444444,53.00661048,1,0,1,0,0,0,1,0
0.957591246,0.183219435,0.464472519,0.333333333,58.40643897,1,0,1,1,0,0,1,1
0.631040263,0.652082931,0.568530762,0.444444444,66.63529372,1,0,1,0,0,0,1,0
0.423124846,0.657160032,0.83671252,0.222222222,63.00291717,0,0,1,0,1,0,0,1
0.285187704,0.585091512,0.583473591,0.777777778,54.70168471,1,0,1,0,0,0,0,0
0.176703391,0.306604771,1,0.555555556,57.72483401,0,1,1,0,1,0,0,0
0.47835505,0.490457729,0.577276109,0.333333333,62.01194815,0,1,1,0,0,0,1,0
0.318385987,0.499279492,0.721633546,0.444444444,56.17812079,0,1,1,1,0,0,1,0
0.20740216,0.268327062,0.885317813,0.333333333,40.20040305,1,0,0,1,0,0,0,1
0.336682297,0.80067966,0.341722273,1,73.43032526,0,1,1,0,0,0,0,0
0.264186444,0.675472458,0.262541511,0.666666667,64.40209102,0,0,1,0,1,0,1,0
0.725634717,0.455807165,0.316914208,0.444444444,68.02980684,0,0,1,0,1,0,0,1
0.591384404,0.505377168,0.961619891,0.555555556,72.52582751,0,0,1,0,0,0,1,0
0.443115671,0.541676562,0.542078871,0.555555556,58.85019638,1,0,1,0,0,0,1,0
0.691101801,0.091653026,1,1,71.830361,0,1,1,0,0,0,1,1
0.457339162,0.450564523,0.539214143,0.777777778,62.8502586,0,1,0,0,0,0,1,1
0.300897078,0.36360315,0.71235377,0.888888889,55.99672428,0,1,0,1,0,0,1,1
0.698298457,0.299675998,1,0.666666667,70.74904041,0,0,1,1,0,0,1,0
0.534262785,0.443779941,1,0.222222222,67.03203276,0,1,1,1,0,0,1,0
0.271570085,0.859537305,1,0.333333333,57.4196767,1,0,1,1,0,0,0,0
0.412721331,0.628168572,0.949083464,0.555555556,74.95059385,0,0,1,1,0,0,1,0
0.298508069,0.385764202,0.906468185,0.333333333,55.27100341,0,0,1,1,0,0,1,0
0.213977823,0.614516556,0.806687177,0.777777778,60.37541396,1,0,1,0,0,0,1,0
